{"chunk_definitions":[{"row":45,"row_count":1,"visible":true,"expansion_state":0,"options":{"engine":"r","label":"setup","include":false},"document_id":"036770A2","chunk_id":"csetup_chunk","chunk_label":"setup"},{"row":225,"row_count":1,"visible":true,"expansion_state":0,"options":{"engine":"r","message":false,"warning":false,"error":false,"label":"unnamed-chunk-1"},"document_id":"036770A2","chunk_id":"cznkl2enkmrhy","chunk_label":"unnamed-chunk-1"}],"doc_write_time":1713888267,"working_dir":null,"default_chunk_options":{}}