"0","# plot the data with color-coded bars and mean line
ggplot(data_long, aes(x = Year, y = Count, fill = color, label = Count)) +
  geom_bar(stat = ""identity"") +  # bars with counts
  geom_text(position = position_stack(vjust = 0.5)) +  # add data labels
  geom_hline(yintercept = mean_value, linetype = ""dashed"", color = ""black"") +  # draw mean line
  labs(title = ""Eagle Pairs by Year"",  # title and axis labels
       x = ""Year"",
       y = ""Count"") +
  scale_fill_identity() +  # use identity scale for custom colors
  theme_minimal() +  # minimal theme for the plot
  theme(axis.text.x = element_text(angle = 45, hjust = 1)) +  # rotate x-axis labels for better readability
  guides(fill = FALSE) +  # remove legend
  annotate(""text"", x = max(combined_war$year) + 0.1, y = 40, label = ""Playoff Threshold: ~40 WAR"", vjust = -0.5, hjust = 1, color = ""black"", data = NULL)
"
"2","Error: object 'data_long' not found
"
