"0","#import data"
"0","for (year in 2014:2023) {  # Loop through the years 2014 to 2023"
"0","  # construct the file path for the payroll file of each year"
"0","  file_path <- paste0(""Data/"", year, "" Payroll.csv"")"
"0","  "
"0","  # read the CSV file for the current year"
"0","  assign(paste0(""pay"", year), read_csv(file_path, locale=locale(encoding=""latin1"")))"
"0","  "
"0","  # remove rows with incomplete data"
"0","  assign(paste0(""pay"", year), get(paste0(""pay"", year))[complete.cases(get(paste0(""pay"", year))), ])"
"0","  "
"0","  # add a column ""year"" to the dataset"
"0","  assign(paste0(""pay"", year), mutate(get(paste0(""pay"", year)), year = year))"
"0","}"
"0",""
"0","# Convert 'team payroll' column of pay2020, pay2021, and pay2023 to numeric after removing '$' and ',' symbols"
"0","pay2020$`team payroll` = as.numeric(gsub(""[\\$,]"", """", pay2020$`team payroll`))"
"0","# pay2021$`team payroll` = as.numeric(gsub(""[\\$,]"", """", pay2021$`team payroll`))  # Similar operation for pay2021, but commented out"
"0","pay2023$`team payroll` = as.numeric(gsub(""[\\$,]"", """", pay2023$`team payroll`))"
"0",""
"0","# Read the CSV file ""Revenue24.csv"" and convert 'Value (Billions)' column to numeric after removing '$' and 'B' symbols"
"0","Revenue24 <- read_csv(""Data/Revenue24.csv"")"
"0","Revenue24 <- Revenue24 %>%"
"0","  mutate(`Value (Billions)` = gsub(""\\$|B"", """", `Current Value`),  # Remove '$' and 'B'"
"0","         `Value (Billions)` = as.numeric(`Value (Billions)`))      # Convert to numeric"
"0",""
"0",""
"0",""
"0","#import data, graph 3"
"0","for (year in 14:24) {"
"0","  # Construct the file path for the file of each year"
"0","  file_path <- paste0(""Data/stat"", year, "".csv"")"
"0","  "
"0","  # Read the CSV file for the current year"
"0","  assign(paste0(""stat"", year), read.csv(file_path, encoding = ""latin1""))"
"0","  "
"0","  # Remove rows with incomplete data"
"0","  assign(paste0(""stat"", year), get(paste0(""stat"", year))[complete.cases(get(paste0(""stat"", year))), ])"
"0","  "
"0","  # Add a column ""year"" to the dataset"
"0","  assign(paste0(""stat"", year), transform(get(paste0(""stat"", year)), year = year))"
"0","}"
"0",""
"0",""
"0","for (year in 2014:2023) {"
"0","  # Get the dataset for the current year"
"0","  data <- get(paste0(""pay"", year))"
"0","  "
"0","  # Create a new column ""Payroll Rank"" with ranks in descending order of ""team payroll"""
"0","  data <- mutate(data, Payroll_Rank = rank(-`team payroll`, ties.method = ""min""))"
"0","  "
"0","  # Assign the modified dataset back to the environment"
"0","  assign(paste0(""pay"", year), data)"
"0",""
"0",""
"0","# Combine pay datasets from multiple years into one dataset"
"0","combined_pay_data <- bind_rows(pay2023, pay2022, pay2021, pay2020, pay2019, pay2018, pay2017, pay2016, pay2015, pay2014)"
"0",""
"0","# Trim leading and trailing whitespace from column names"
"0","colnames(combined_pay_data) <- trimws(colnames(combined_pay_data))"
"0",""
"0","# Replace special characters in column names with appropriate characters"
"0","combined_pay_data[combined_pay_data$year == ""2023"", ]$`  w` = combined_pay_data[combined_pay_data$year == ""2023"",]$`Â Â w`"
"0","combined_pay_data[combined_pay_data$year == ""2023"", ]$`  l` = combined_pay_data[combined_pay_data$year == ""2023"",]$`Â Â l`"
"0",""
"0","# Remove columns containing special characters from the dataset"
"0","combined_pay_data <- subset(combined_pay_data, select = -c(`Â Â l`, `Â Â w`))"
"0",""
"0","# Select specific columns from the dataset and rename them"
"0","combined_pay_data <- combined_pay_data %>%"
"0","  select(`team name`, roster, league, division, `team payroll`, `  w`, `  l`, wpct, "
"0","         rank, lgrk, `mlb rk`, `last yr payroll`, `top salary`, year, Payroll_Rank)"
"0",""
"0","# Remove non-alphabetic characters from column names"
"0","colnames(combined_pay_data) <- gsub(""[^a-zA-Z]"", """", colnames(combined_pay_data))"
"0","# str(combined_pay_data)"
"0",""
"0",""
"0","# Filter combined_pay_data to create a dataset containing only Los Angeles Dodgers"
"0","dodgers <- combined_pay_data[combined_pay_data$teamname == ""Los Angeles Dodgers"",]"
"0",""
"0","# Filter combined_pay_data to create a dataset containing only Oakland Athletics"
"0","athletics <- combined_pay_data[combined_pay_data$teamname == ""Oakland Athletics"",]"
"0",""
"0","# Create a copy of combined_pay_data named pay_data"
"0","pay_data <- combined_pay_data"
"0",""
"0","# Filter pay_data to remove rows where teamname is either Los Angeles Dodgers or Oakland Athletics"
"0","pay_data <- combined_pay_data[combined_pay_data$teamname != ""Los Angeles Dodgers"""
"0","                              & combined_pay_data$teamname != ""Oakland Athletics"",]"
"0",""
"0","# Calculate the yearly difference in winning percentage (wpct) within combined_pay_data"
"0","yearly_difference <- combined_pay_data %>%"
"0","  group_by(year) %>%"
"0","  summarize(difference = max(wpct) - min(wpct))"
"0",""
"0",""
"0","# Calculate the median value of ""Value (Billions)"" column in Revenue24 dataset"
"0","median_value_2024 <- median(Revenue24$`Value (Billions)`)"
"0",""
"0","# Create vectors of team names for top 50% and bottom 50% based on ""Value (Billions)"" in Revenue24 dataset"
"0","top_teams <- Revenue24$Team[Revenue24$`Value (Billions)` >= median_value_2024]"
"0",""
"0","# Create a new column Color_Category in pay_data based on teamname membership in top_teams or bottom_teams"
"0","pay_data <- pay_data %>%"
"0","  mutate(Color_Category = ifelse(teamname %in% top_teams, ""Top 50%"", ""Bottom 50%""))"
"0",""
"0","# Combine the stat datasets for the years 2014 to 2024 into a single dataset"
"0","stats <- bind_rows(stat14, stat15, stat16, stat17, stat18, stat19, stat20, stat21, stat22, stat23, stat24)"
"0",""
"0","# Add 2000 to the ""year"" column in stats dataset to align with the years in the combined_pay_data dataset"
"0","stats$year = stats$year + 2000"
"0",""
"0",""
"0","# Filter rows in stats dataset where the player name is ""Freddie Freeman"", ""Mookie Betts"", or ""Shohei Ohtani"""
"0","trio <- stats[stats$Name == ""Freddie Freeman"" | stats$Name == ""Mookie Betts"" | stats$Name == ""Shohei Ohtani"", ]"
"0",""
"0","# Filter rows in stats dataset where the player name is not ""Freddie Freeman"", ""Mookie Betts"", or ""Shohei Ohtani"""
"0","dodgers2 <- stats[stats$Name != ""Freddie Freeman"" & stats$Name != ""Mookie Betts"" & stats$Name != ""Shohei Ohtani"", ]"
"0",""
"0","# Calculate the total wins above replacement (WAR) for each year in the stats dataset"
"0","war_sum <- stats %>%"
"0","  group_by(year) %>%"
"0","  summarize(total_war = sum(WAR, na.rm = TRUE))"
"0",""
"0","# Calculate the total WAR for ""Freddie Freeman"", ""Mookie Betts"", and ""Shohei Ohtani"" for each year"
"0","war_sum1 <- trio %>%"
"0","  group_by(year) %>%"
"0","  summarize(total_war = sum(WAR, na.rm = TRUE))"
"0",""
"0","# Calculate the total WAR for players other than ""Freddie Freeman"", ""Mookie Betts"", and ""Shohei Ohtani"" for each year"
"0","war_sum2 <- dodgers2 %>%"
"0","  group_by(year) %>%"
"0","  summarize(total_war = sum(WAR, na.rm = TRUE))"
"0",""
"0","# Combine the calculated WAR sums for trio and dodgers2, and assign a source column to identify each group"
"0","combined_war <- bind_rows("
"0","  mutate(war_sum1, source = ""trio""),"
"0","  mutate(war_sum2, source = ""dodgers"")"
"0",")"
"0",""
"0",""
"0","# Reorder levels of the source variable to ensure consistent plotting"
"0","combined_war$source <- factor(combined_war$source, levels = c('trio', 'dodgers'))"
"0",""
"0","# Pivot the combined war data to have years as columns and total war as values"
"0","combined_war_pivoted <- combined_war %>%"
"0","  pivot_wider(names_from = year,"
"0","              values_from = total_war)"
"0",""
"0","# Replace any missing values with 0"
"0","combined_war_pivoted <- combined_war_pivoted %>%"
"0","  mutate_all(~ ifelse(is.na(.), 0, .))"
"0",""
"0","# Extract the total WAR values for the trio (first row)"
"0","trio_values <- combined_war_pivoted[1, -1]"
"0","# Extract the total WAR values for the dodgers (second row)"
"0","dodgers_values <- combined_war_pivoted[2, -1]"
"0",""
"0","# Perform element-wise division to calculate the percentage of trio WAR out of total WAR"
"0","percentage_trio_war <- trio_values / (trio_values + dodgers_values)"
"0",""
"0","# Filter the combined war data for years starting from 2020"
"0","combined_war <- combined_war %>%"
"0","  filter(year >= 2020)"
"0",""
"0","# Calculate the average WAR for dodgers excluding the year 2024"
"0","average_dodgers_war <- mean(dodgers$WAR[dodgers$year != 2024], na.rm = TRUE)"
"0",""
"0","# Calculate the average WAR for trio excluding the year 2024"
"0","average_trio_war <- mean(trio$WAR[trio$year != 2024], na.rm = TRUE)"
"0",""
